all_awardings,allow_live_comments,author,author_flair_css_class,author_flair_richtext,author_flair_text,author_flair_type,author_fullname,author_is_blocked,author_patreon_flair,author_premium,awarders,can_mod_post,contest_mode,created_utc,domain,full_link,gildings,id,is_created_from_ads_ui,is_crosspostable,is_meta,is_original_content,is_reddit_media_domain,is_robot_indexable,is_self,is_video,link_flair_background_color,link_flair_richtext,link_flair_text_color,link_flair_type,locked,media_only,no_follow,num_comments,num_crossposts,over_18,permalink,pinned,retrieved_on,score,selftext,send_replies,spoiler,stickied,subreddit,subreddit_id,subreddit_subscribers,subreddit_type,thumbnail,title,total_awards_received,treatment_tags,upvote_ratio,url,created,link_flair_template_id,link_flair_text,poll_data,post_hint,preview,thumbnail_height,thumbnail_width,url_overridden_by_dest,discussion_type,suggested_sort
[],False,betterbuilder7,,[],,text,t2_3k3xs8ue,False,False,False,[],False,False,1645723821,self.UkraineWarReports,https://www.reddit.com/r/UkraineWarReports/comments/t0ggr5/how_can_someone_be_like_russia/,{},t0ggr5,False,True,False,False,False,True,True,False,,[],dark,text,False,False,True,0,0,False,/r/UkraineWarReports/comments/t0ggr5/how_can_someone_be_like_russia/,False,1645723831,1,"Barbaric attack and destroying other country's teritory. When I saw all these people and child getting scared and crying, it really makes me angry. Putin, stop that!",True,False,False,UkraineWarReports,t5_5wncl5,2,public,self,How can someone be like Russia,0,[],1.0,https://www.reddit.com/r/UkraineWarReports/comments/t0ggr5/how_can_someone_be_like_russia/,1645695021.0,,,,,,,,,,
[],False,bbruno88,,[],,text,t2_fou92tl2,False,False,False,[],False,False,1645722990,self.UkraineWarReports,https://www.reddit.com/r/UkraineWarReports/comments/t0g5dq/how_long_will_the_war_in_ukraine_last/,{},t0g5dq,False,True,False,False,False,True,True,False,#ffd635,[],dark,text,False,False,True,1,0,False,/r/UkraineWarReports/comments/t0g5dq/how_long_will_the_war_in_ukraine_last/,False,1645723001,1,"

[View Poll](https://www.reddit.com/poll/t0g5dq)",True,False,False,UkraineWarReports,t5_5wncl5,1,public,self,How long will the war in Ukraine last?,0,[],1.0,https://www.reddit.com/r/UkraineWarReports/comments/t0g5dq/how_long_will_the_war_in_ukraine_last/,1645694190.0,fb586214-9593-11ec-afc5-4a23e411e665,Discussion,"{'is_prediction': False, 'options': [{'id': '14070240', 'text': 'Few more days.'}, {'id': '14070241', 'text': 'Few more weeks.'}, {'id': '14070242', 'text': ""I don't know, until it ends.""}], 'prediction_status': None, 'resolved_option_id': None, 'total_stake_amount': None, 'total_vote_count': 1, 'tournament_id': None, 'user_selection': None, 'user_won_amount': None, 'vote_updates_remained': None, 'voting_end_timestamp': 1645982190972}",,,,,,,
[],False,bbruno88,,[],,text,t2_fou92tl2,False,False,False,[],False,False,1645722879,/r/UkraineWarReports/comments/t0g3rv/suburbs_of_kiev_under_russian_invasion/,https://www.reddit.com/r/UkraineWarReports/comments/t0g3rv/suburbs_of_kiev_under_russian_invasion/,{},t0g3rv,False,True,False,False,False,True,False,True,#ea0027,[],light,text,False,False,True,0,0,False,/r/UkraineWarReports/comments/t0g3rv/suburbs_of_kiev_under_russian_invasion/,False,1645722890,1,,True,False,False,UkraineWarReports,t5_5wncl5,1,public,https://b.thumbs.redditmedia.com/pOCykvBgZBArkG_YsceAUFgJO9QGO0uzKZWsEha1o_c.jpg,Suburbs of Kiev under russian invasion!,0,[],1.0,https://v.redd.it/ojo3a0aidtj81,1645694079.0,3107029a-9593-11ec-99b2-96043af7b916,Video ðŸŽ¥,,hosted:video,"{'enabled': False, 'images': [{'id': 'X9aCLB1QcX-fECaHtzXSx_Ph0qtqso1cP5b_jUnuSY8', 'resolutions': [{'height': 62, 'url': 'https://external-preview.redd.it/0q3_AOQalSJIGkWzt1MdevMf-t7wRGj3hUOLhA2DC5A.png?width=108&amp;crop=smart&amp;format=pjpg&amp;auto=webp&amp;s=e1bc7abc33186fecba3530c84234b088743aa486', 'width': 108}, {'height': 124, 'url': 'https://external-preview.redd.it/0q3_AOQalSJIGkWzt1MdevMf-t7wRGj3hUOLhA2DC5A.png?width=216&amp;crop=smart&amp;format=pjpg&amp;auto=webp&amp;s=0f77448224bcd1a91df9ff9c734b337a13c9013f', 'width': 216}, {'height': 184, 'url': 'https://external-preview.redd.it/0q3_AOQalSJIGkWzt1MdevMf-t7wRGj3hUOLhA2DC5A.png?width=320&amp;crop=smart&amp;format=pjpg&amp;auto=webp&amp;s=dd5a720b23ce2c143a56ce42925ebfb0104d601f', 'width': 320}, {'height': 368, 'url': 'https://external-preview.redd.it/0q3_AOQalSJIGkWzt1MdevMf-t7wRGj3hUOLhA2DC5A.png?width=640&amp;crop=smart&amp;format=pjpg&amp;auto=webp&amp;s=17e57348f4949075f522518270adc8740bd37782', 'width': 640}, {'height': 552, 'url': 'https://external-preview.redd.it/0q3_AOQalSJIGkWzt1MdevMf-t7wRGj3hUOLhA2DC5A.png?width=960&amp;crop=smart&amp;format=pjpg&amp;auto=webp&amp;s=6e5c0bd86c8d1f67f5bf87a68d4fb4e13a8becb1', 'width': 960}], 'source': {'height': 552, 'url': 'https://external-preview.redd.it/0q3_AOQalSJIGkWzt1MdevMf-t7wRGj3hUOLhA2DC5A.png?format=pjpg&amp;auto=webp&amp;s=6ca039292f7688910225d4ebdb2ba0cdae418c29', 'width': 960}, 'variants': {}}]}",80.0,140.0,https://v.redd.it/ojo3a0aidtj81,,
[],False,bbruno88,,[],,text,t2_fou92tl2,False,False,False,[],False,False,1645722597,/r/UkraineWarReports/comments/t0fzva/ukraine_footage_of_a_downed_russian_attack/,https://www.reddit.com/r/UkraineWarReports/comments/t0fzva/ukraine_footage_of_a_downed_russian_attack/,{},t0fzva,False,True,False,False,False,True,False,True,#ea0027,[],light,text,False,False,True,1,0,False,/r/UkraineWarReports/comments/t0fzva/ukraine_footage_of_a_downed_russian_attack/,False,1645722608,1,,True,False,False,UkraineWarReports,t5_5wncl5,1,public,https://b.thumbs.redditmedia.com/SKFYgIN1LktVxPzN8MUV_odN3FrLwh4fbW1HZ4vvvIQ.jpg,Ukraine ðŸ‡ºðŸ‡¦: Footage of a downed Russian attack helicopter,0,[],1.0,https://v.redd.it/qnpmzhnoctj81,1645693797.0,3107029a-9593-11ec-99b2-96043af7b916,Video ðŸŽ¥,,hosted:video,"{'enabled': False, 'images': [{'id': 'R7JU7MW0V_h2oAwo1s87T8E37ueB2Zwp07nuCqGnl1M', 'resolutions': [{'height': 196, 'url': 'https://external-preview.redd.it/AJJ9NDkxvND3k4jK3GKejby88bcUDcyBb2gb21SUMXc.png?width=108&amp;crop=smart&amp;format=pjpg&amp;auto=webp&amp;s=1d452bb4e3e07cc405715cb1f8dc9816dba130dd', 'width': 108}, {'height': 392, 'url': 'https://external-preview.redd.it/AJJ9NDkxvND3k4jK3GKejby88bcUDcyBb2gb21SUMXc.png?width=216&amp;crop=smart&amp;format=pjpg&amp;auto=webp&amp;s=13ca86f91e4f9d5cac4da0257df9dca31013b293', 'width': 216}], 'source': {'height': 480, 'url': 'https://external-preview.redd.it/AJJ9NDkxvND3k4jK3GKejby88bcUDcyBb2gb21SUMXc.png?format=pjpg&amp;auto=webp&amp;s=703100ac9a5bc6127a7cf66b36ea01fada0dc46b', 'width': 264}, 'variants': {}}]}",140.0,140.0,https://v.redd.it/qnpmzhnoctj81,,
[],False,bbruno88,,[],,text,t2_fou92tl2,False,False,False,[],False,False,1645721690,/r/UkraineWarReports/comments/t0fmtv/russian_missle_flying_over_a_girl_in_ukraine/,https://www.reddit.com/r/UkraineWarReports/comments/t0fmtv/russian_missle_flying_over_a_girl_in_ukraine/,{},t0fmtv,False,True,False,False,False,True,False,True,,[],dark,text,False,False,False,0,0,False,/r/UkraineWarReports/comments/t0fmtv/russian_missle_flying_over_a_girl_in_ukraine/,False,1645721700,1,,True,False,False,UkraineWarReports,t5_5wncl5,1,public,https://b.thumbs.redditmedia.com/3pn8oVcF9UO0jpBALD2YNHiifjm64OS6RoIm_81Bd2I.jpg,Russian missle flying over a girl in Ukraine!,0,[],1.0,https://v.redd.it/pk61d2iz9tj81,1645692890.0,,,,hosted:video,"{'enabled': False, 'images': [{'id': 'n0L6zRq4yNYxdRFbyLAn0AuLFmvpWGpr_wgg6Ldsnlk', 'resolutions': [{'height': 192, 'url': 'https://external-preview.redd.it/1v4k8RO9rYqmcecuYIw7a_vLZc28u8v_UT98SlOoWCc.png?width=108&amp;crop=smart&amp;format=pjpg&amp;auto=webp&amp;s=17ae8e81193f2749d4c36c65d3a62324e64785cb', 'width': 108}, {'height': 384, 'url': 'https://external-preview.redd.it/1v4k8RO9rYqmcecuYIw7a_vLZc28u8v_UT98SlOoWCc.png?width=216&amp;crop=smart&amp;format=pjpg&amp;auto=webp&amp;s=41d29dde72952219ad5ae982da1ef1bf6668439a', 'width': 216}, {'height': 569, 'url': 'https://external-preview.redd.it/1v4k8RO9rYqmcecuYIw7a_vLZc28u8v_UT98SlOoWCc.png?width=320&amp;crop=smart&amp;format=pjpg&amp;auto=webp&amp;s=331be6d3cf3143b11cd2b370dcc1b474fcc08951', 'width': 320}], 'source': {'height': 1080, 'url': 'https://external-preview.redd.it/1v4k8RO9rYqmcecuYIw7a_vLZc28u8v_UT98SlOoWCc.png?format=pjpg&amp;auto=webp&amp;s=ecb059659e6ebfb92dc32817440a34c66d45cb07', 'width': 607}, 'variants': {}}]}",140.0,140.0,https://v.redd.it/pk61d2iz9tj81,,
[],False,bbruno88,,[],,text,t2_fou92tl2,False,False,False,[],False,False,1645721565,/r/UkraineWarReports/comments/t0fl4e/ukraine_right_now/,https://www.reddit.com/r/UkraineWarReports/comments/t0fl4e/ukraine_right_now/,{},t0fl4e,False,True,False,False,False,True,False,True,,[],dark,text,False,False,True,0,0,False,/r/UkraineWarReports/comments/t0fl4e/ukraine_right_now/,False,1645721575,1,,True,False,False,UkraineWarReports,t5_5wncl5,1,public,https://a.thumbs.redditmedia.com/GDRarSprj2b7hrk8_K0wG8_ujxYy6K30hqzyT1YprF8.jpg,Ukraine right now.,0,[],1.0,https://v.redd.it/es7q96jl9tj81,1645692765.0,,,,hosted:video,"{'enabled': False, 'images': [{'id': 'GIv0eBGWuHIPIRsoWkOvsNXsQUZLDEBYS14h-XqYkr8', 'resolutions': [{'height': 192, 'url': 'https://external-preview.redd.it/7TK0dztLdP3uBX2cnjl3_NRLB13Ny499-Q24vFV5Ens.png?width=108&amp;crop=smart&amp;format=pjpg&amp;auto=webp&amp;s=95bea96383d2418fc820bf654b95f0e88bb3cb9d', 'width': 108}, {'height': 384, 'url': 'https://external-preview.redd.it/7TK0dztLdP3uBX2cnjl3_NRLB13Ny499-Q24vFV5Ens.png?width=216&amp;crop=smart&amp;format=pjpg&amp;auto=webp&amp;s=bec0ec681f83bde0528b0bf4ff1835393a879487', 'width': 216}, {'height': 569, 'url': 'https://external-preview.redd.it/7TK0dztLdP3uBX2cnjl3_NRLB13Ny499-Q24vFV5Ens.png?width=320&amp;crop=smart&amp;format=pjpg&amp;auto=webp&amp;s=f4e80941e8368778de15766ad4c6515ff136ab2a', 'width': 320}], 'source': {'height': 1080, 'url': 'https://external-preview.redd.it/7TK0dztLdP3uBX2cnjl3_NRLB13Ny499-Q24vFV5Ens.png?format=pjpg&amp;auto=webp&amp;s=fd0a62f870ee7664ebf044a122e5dd224158ea43', 'width': 607}, 'variants': {}}]}",140.0,140.0,https://v.redd.it/es7q96jl9tj81,,
[],False,bbruno88,,[],,text,t2_fou92tl2,False,False,False,[],False,False,1645720978,self.UkraineWarReports,https://www.reddit.com/r/UkraineWarReports/comments/t0fdho/should_nato_and_eu_help_ukranian_army_to_defend/,{},t0fdho,False,True,False,False,False,True,True,False,,[],dark,text,False,False,False,0,0,False,/r/UkraineWarReports/comments/t0fdho/should_nato_and_eu_help_ukranian_army_to_defend/,False,1645720989,1,"

[View Poll](https://www.reddit.com/poll/t0fdho)",True,False,False,UkraineWarReports,t5_5wncl5,1,public,self,Should NATO and EU help Ukranian army to defend?,0,[],1.0,https://www.reddit.com/r/UkraineWarReports/comments/t0fdho/should_nato_and_eu_help_ukranian_army_to_defend/,1645692178.0,,,"{'is_prediction': False, 'options': [{'id': '14069660', 'text': 'Yes!'}, {'id': '14069661', 'text': 'No.'}], 'prediction_status': None, 'resolved_option_id': None, 'total_stake_amount': None, 'total_vote_count': 1, 'tournament_id': None, 'user_selection': None, 'user_won_amount': None, 'vote_updates_remained': None, 'voting_end_timestamp': 1646325778531}",,,,,,,
[],True,bbruno88,,[],,text,t2_fou92tl2,False,False,False,[],False,False,1645720863,self.UkraineWarReports,https://www.reddit.com/r/UkraineWarReports/comments/t0fbzg/rukrainewarreports_lounge/,{},t0fbzg,False,True,False,False,False,True,True,False,,[],dark,text,False,False,True,0,0,False,/r/UkraineWarReports/comments/t0fbzg/rukrainewarreports_lounge/,False,1645720874,1,A place for members of r/UkraineWarReports to chat with each other,True,False,True,UkraineWarReports,t5_5wncl5,1,public,self,r/UkraineWarReports Lounge,0,[],1.0,https://www.reddit.com/r/UkraineWarReports/comments/t0fbzg/rukrainewarreports_lounge/,1645692063.0,,,,,,,,,CHAT,new
